peak_name,height_metres,climbing_status,first_ascent_year,first_ascent_country
Ama Dablam,6814,Climbed,1961,"New Zealand, USA, UK"
Amphu Gyabjen,5630,Climbed,1953,UK
Annapurna I,8091,Climbed,1950,France
Annapurna II,7937,Climbed,1960,"UK, Nepal"
Annapurna III,7555,Climbed,1961,India
Annapurna IV,7525,Climbed,1955,W Germany
Annapurna I East,8026,Climbed,1974,Spain
Annapurna I Middle,8051,Climbed,1980,W Germany
Annapurna South,7219,Climbed,1964,"Japan, Nepal"
Api Main,7132,Climbed,1960,"Japan, Nepal"
Api West,7076,Unclimbed,NA,NA
Baruntse,7152,Climbed,1954,New Zealand
Baudha,6672,Climbed,1970,Japan
Bhemdang Ri,6150,Climbed,1964,"Japan, Nepal"
Bhrikuti,6476,Climbed,1982,"Japan, Nepal"
Bobaye,6808,Climbed,1996,Slovenia
Chamlang,7321,Climbed,1962,"Japan, Nepal"
Changla,6563,Climbed,2010,Japan
Chamar North,7165,Climbed,1953,"New Zealand, Nepal"
Cheo Himal,6820,Climbed,1991,"Japan, Nepal"
Cho Oyu,8188,Climbed,1954,"Austria, Nepal"
Chobuje,6686,Climbed,1972,W Germany
Cholatse,6423,Climbed,1982,"USA, UK"
Cho Polu,6700,Climbed,1984,Spain
Chulu Central,6584,Climbed,1955,W Germany
Chukyima Go,6258,Climbed,2014,Slovenia
Churen Himal Central,7385,Climbed,1970,Japan
Chulu West,6419,Climbed,1952,Japan
Taple Shikhar,6447,Climbed,1998,"Japan, Nepal"
Changtse,7583,Climbed,1982,W Germany
Dhaulagiri I,8167,Climbed,1960,"Switzerland, Austria, W Germany, Nepal"
Dhaulagiri II,7751,Climbed,1971,"Austria, USA, Nepal"
Dhaulagiri III,7715,Climbed,1973,W Germany
Dhaulagiri IV,7661,Climbed,1975,Japan
Dhaulagiri V,7618,Climbed,1975,"Japan, Nepal"
Dhaulagiri VI,7268,Climbed,1970,Japan
Dhampus,6012,Climbed,1960,Austria
Dogari,6536,Unclimbed,NA,NA
Pemthang Karpo Ri,6865,Climbed,1955,"Switzerland, Nepal"
Dorje Lhakpa,6966,Climbed,1981,"Japan, Nepal"
Drangnag Ri,6757,Climbed,1995,"Norway, UK, Nepal"
Drohmo,6881,Unclimbed,NA,NA
Everest,8850,Climbed,1953,"New Zealand, India"
Fang,7647,Climbed,1980,"Austria, Nepal"
Firnkopf,6730,Unclimbed,NA,NA
Firnkopf West,6745,Climbed,1987,"Austria, W Germany, Nepal"
Gama Peak,7187,Climbed,1970,Japan
Ganesh I,7422,Climbed,1955,"Switzerland, France"
Ganesh III,7043,Climbed,1979,"Japan, Nepal"
Ganesh II,7118,Climbed,1981,"W Germany, Nepal"
Ganesh IV,7104,Climbed,1978,"Japan, Nepal"
Ganesh V,6770,Climbed,1980,"Japan, Nepal"
Ganesh VI,6908,Climbed,2000,Japan
Ganchenpo,6378,Climbed,1971,USA
Gandharva Chuli,6248,Climbed,2013,Romania
Gangapurna,7455,Climbed,1965,"W Germany, Nepal"
Gaurishankar,7135,Climbed,1979,"US, Nepal"
Ghustang North,6529,Climbed,1962,"UK, Nepal"
Ghustang South,6465,Climbed,2019,"France, Canada, Switzerland, Nepal"
Matathumba,5767,Climbed,1961,"UK, Nepal"
Ghyuthumba Main,5806,Climbed,1953,"Austria, Nepal, India"
Gimmigela Chuli East,7007,Climbed,1993,"Japan, Nepal"
Gimmigela Chuli,7350,Climbed,1994,"Japan, Nepal"
Glacier Dome,7168,Climbed,1964,"Japan, Nepal"
Gurja Himal,7193,Climbed,1969,"Japan, Nepal"
Gurkarpo Ri,6889,Climbed,2007,France
Gyachung Kang,7861,Climbed,1964,"Japan, Nepal"
Gyajikang,7074,Climbed,1994,"Japan, Nepal"
Leonpo Gang East,6733,Climbed,1955,"UK, Nepal"
Himalchuli East,7893,Climbed,1960,Japan
Himlung Himal,7126,Climbed,1992,"Japan, Nepal"
Himalchuli North,7331,Climbed,1985,"S Korea, Nepal"
Rani Peak,6693,Climbed,1970,"Netherlands, Nepal"
Himalchuli West,7540,Climbed,1978,Japan
Hiunchuli,6434,Climbed,1971,USA
Hongku Chuli,6833,Unclimbed,NA,NA
Hongde,6556,Climbed,1962,"Japan, Nepal"
Imjatse,6165,Climbed,1956,"Switzerland, Nepal"
Jagdula,5761,Climbed,2013,France
Jannu,7711,Climbed,1962,"France, Nepal"
Jethi Bahurani,6850,Climbed,1978,Japan
Jongsang,7462,Climbed,1930,"Germany, Austria"
Junction Peak,7133,Unclimbed,NA,NA
Kabru Dome,6600,Climbed,1982,India
Kabru North,7338,Climbed,1935,UK
Kagmara I,5978,Climbed,1962,"UK, Nepal"
Kande Hiunchuli North  I,6521,Unclimbed,NA,NA
Kande Hiunchuli North  II,6471,Climbed,1980,Switzerland
Kangbachen,7902,Climbed,1974,Poland
Kangchenjunga Central,8473,Climbed,1978,Poland
Kande Hiunchuli,6627,Climbed,1972,Japan
Kangchenjunga,8586,Climbed,1955,UK
Kangchenjunga South,8476,Climbed,1978,Poland
Karyolung,6530,Climbed,1982,"Japan, Nepal"
Kangchung Nup,6043,Climbed,1953,"UK, New Zealand"
Naya Kanga,5863,Climbed,NA,NA
Kang Guru,6981,Climbed,1955,W Germany
Khatang,6790,Climbed,1982,"Japan, Nepal"
Khongma Tse,5798,Climbed,NA,NA
Kanjeralwa,6612,Climbed,1973,"Japan, Nepal"
Kanjiroba North,6858,Unclimbed,NA,NA
Kanjiroba South,6883,Climbed,1970,Japan
Kotang,6148,Climbed,1982,Inida
Kangtega,6783,Climbed,1963,"New Zealand, USA"
Kangtsune,6444,Unclimbed,NA,NA
Kusum Kanguru,6370,Climbed,1981,New Zealand
Kwangde,6186,Climbed,1978,Japan
Lamjung Himal,6983,Climbed,1974,UK
Langtang Lirung,7227,Climbed,1978,"Japan, Nepal"
Langtang Ri,7205,Climbed,1981,"Japan, Nepal"
Leonpo Gang,6979,Climbed,1962,Japan
Lha Shamma,6412,Climbed,1962,"UK, Nepal"
Lhotse,8516,Climbed,1956,Switzerland
Mukut Himal,6087,Climbed,1967,Netherlands
Langpo,6965,Climbed,1909,UK
Lobuje East,6090,Climbed,1984,"USA, Nepal"
Lobuje West,6135,Climbed,1984,Japan
Lhotse Shar,8382,Climbed,1970,Austria
Langshisa Ri,6412,Climbed,1982,"Japan, Nepal"
Machhapuchhare,6993,Unclimbed,NA,NA
Bhairab Takura,6799,Climbed,1960,"Japan, Nepal"
Makalu II,7678,Climbed,1954,"UK, Nepal"
Makalu,8485,Climbed,1955,France
Manaslu,8163,Climbed,1956,"Japan, Nepal"
Manaslu North,6994,Climbed,1964,"Netherlands, Austria, Nepal"
Manapathi,6380,Climbed,1956,"Argentina, Nepal"
Mardi Himal,5553,Climbed,1962,"UK, Nepal"
Mera Peak,6470,Climbed,1953,"UK, Nepal"
Mingbo Ri,6207,Unclimbed,NA,NA
Nalakankar North,6062,Climbed,2000,"Japan, Nepal"
Nampa,6729,Climbed,1972,Japan
Nupchu,6172,Climbed,1962,Japan
Nemjung,7140,Climbed,1983,"Japan, Nepal"
Nepal Peak,7177,Climbed,1930,Austria
Ngojumba Kang II,7743,Climbed,1965,"Japan, Nepal"
Ngojumba Kang I,7916,Climbed,1982,"S Korea, Nepal"
Nilgiri Central,6940,Climbed,1979,Japan
Nilgiri North,7061,Climbed,1962,"Netherlands, France, Nepal"
Nilgiri South,6839,Climbed,1978,Japan
Numbur,6958,Climbed,1963,"Japan, Nepal"
Nuptse,7864,Climbed,1961,"UK, Nepal"
Ohmi Kangri,6839,Climbed,1985,Switzerland
Ombak Himal,6300,Unclimbed,NA,NA
Paldor,5903,Climbed,1949,"UK, Nepal"
Pangbuk Ri,6625,Climbed,2011,USA
Parchamo,6279,Climbed,1955,UK
Patrasi Himal,6450,Unclimbed,NA,NA
Pethangtse,6739,Climbed,1954,"New Zealand, Nepal"
Phurbi Chhyachu,6637,Climbed,1982,"Japan, Nepal"
Pimu,6344,Climbed,1955,UK
Pisang,6091,Climbed,1955,W Germany
Peak 29,7871,Climbed,1979,Poland
Pointed Peak,5850,Climbed,1953,UK
Pokalde,5780,Climbed,1953,UK
Ombigaichen,6340,Climbed,1960,"New Zealand, Nepal"
Pumori,7138,Climbed,1962,"W Germany, Switzerland"
Putha Hiunchuli,7246,Climbed,1954,"UK, Nepal"
Pyramid Peak,7140,Climbed,1993,"Japan, India"
Raksha Urai,6609,Climbed,2003,"France, Nepal"
Ramdung,5900,Climbed,1952,"UK, Nepal"
Rathong,6682,Climbed,1964,India
Roc Noir,7485,Climbed,1969,W Germany
Rokapi,6468,Climbed,1977,UK
Saipal East Humla,6925,Climbed,1990,"Switzerland, Nepal"
Saipal,7030,Climbed,1963,"Japan, Nepal"
Shartse,7591,Unclimbed,NA,NA
Shartse II,7457,Climbed,1974,"Austria, W Germany"
Shey Shikhar,6139,Climbed,2007,Japan
Singu Chuli,6501,Climbed,1957,UK
Sisne Himal,5911,Climbed,2013,"Nepal, USA"
Sita Chuchura,6611,Climbed,1970,"Japan, Nepal"
Snow Peak,6530,Unclimbed,NA,NA
Sphinx,6825,Climbed,1936,UK
Sharphu I,6433,Climbed,1963,Japan
Surma-Sarovar North,6564,Unclimbed,NA,NA
Tawoche,6495,Climbed,1974,France
Kirat Chuli,7362,Climbed,1939,"Switzerland, Germany"
Thamserku,6618,Climbed,1964,New Zealand
Tharpu Chuli,5695,Climbed,1964,Japan
Tilicho,7134,Climbed,1978,France
Talung,7349,Climbed,1964,"W Germany, Nepal"
Tongu,6187,Climbed,1959,USA
Tripura Hiunchuli,6553,Climbed,1986,"Japan, Nepal"
Tso Karpo Kang,6556,Climbed,1971,Japan
Tukuche,6920,Climbed,1970,Japan
Urkinmang,6143,Climbed,1964,"Japan, Nepal"
Anidesh Chuli,6808,Unclimbed,NA,NA
Tsaurabong Peak,6395,Climbed,1974,"Japan, Nepal"
Yalung Kang,8505,Climbed,1973,Japan
Pasang Lhamu Chuli,7350,Climbed,1986,Japan
Ratna Chuli,7035,Climbed,1996,"Japan, Nepal"
Kanti Himal,6850,Climbed,2002,"Japan, Nepal"
Ramtang,6601,Climbed,1930,"Austria, UK"
Lingtren,6713,Climbed,1935,UK
Tengkoma,6215,Climbed,1949,"Switzerland, Nepal"
Ramtang Chang,6802,Climbed,1974,Yugoslavia
Churen Himal East,7371,Climbed,1970,"S Korea, Nepal"
Churen Himal West,7371,Climbed,1970,"Japan, Nepal"
Chhukung Ri,5550,Climbed,1965,Netherlands
Kangtokal,6294,Climbed,1962,"Japan, Nepal"
Serku Dolma,6227,Climbed,1973,"Japan, Nepal"
Nalakankar South,6024,Climbed,2000,"Japan, Nepal"
Changwathang,6130,Climbed,2000,"Japan, Nepal"
Takphu Himal,6395,Climbed,2018,"UK, Germany"
Malanphulan,6573,Climbed,2000,USA
Lhotse Middle,8410,Climbed,2001,Russia
Simnang Himal,6251,Climbed,2001,Ukraine
Hungchhi,7029,Climbed,2003,"Japan, Nepal"
Lampo,6648,Unclimbed,NA,NA
Chhukung Tse,5833,Climbed,1953,"UK, Nepal"
Dzanye,6581,Climbed,1949,Switzerland
Gaugiri,6110,Climbed,2002,USA
Tengkangpoche,6482,Climbed,1984,"UK, USA"
Arniko Chuli,6034,Climbed,2002,"Japan, Nepal"
Saribung,6328,Climbed,2003,USA
Ghenge Liru,6596,Climbed,1963,"UK, Nepal"
Naulekh,6340,Climbed,1954,New Zealand
Chekigo,6121,Climbed,2005,"UK, Switzerland"
Khatung Khang,6484,Climbed,1956,Switzerland
Chago,6893,Climbed,1954,"New Zealand, Nepal"
Numri,6635,Climbed,2002,Germany
Peak 41,6648,Climbed,2002,Slovenia
Kyazo Ri,6151,Climbed,2002,"UK, France"
Pandra,6670,Climbed,2002,Denmark
Danga,6220,Climbed,2002,Denmark
Pokharkang,6372,Climbed,2002,"UK, Nepal"
Nangpai Gosum I,7321,Climbed,2017,Germany
Khangri Shar,6792,Unclimbed,NA,NA
Khangri West,6658,Unclimbed,NA,NA
Purbung Himal,6500,Unclimbed,NA,NA
Tashi Kang,6386,Climbed,2002,"Japan, Nepal"
Tengi Ragi Tau,6938,Climbed,2002,"Japan, Nepal"
Kyashar,6770,Climbed,2003,"UK, Austria, Swiss"
Nirekha,6159,Climbed,NA,NA
Norbu Kang,6085,Climbed,2003,"Japan, Nepal"
Lunchhung Kamo East,6024,Climbed,1999,"Japan, Nepal"
Linkhu Chuli Shar,6719,Climbed,2013,Germany
Linkhu Chuli Nup,6659,Climbed,1960,"France, Nepal"
Panalotapa,6687,Climbed,1955,UK
Shalbachum,6707,Climbed,1959,"Japan, Nepal"
Khumbutse,6639,Unclimbed,NA,NA
Boktoh,6114,Climbed,1991,Yugoslavia
Mojca,6024,Climbed,1974,Yugoslavia
Palung,7012,Climbed,1952,New Zealand
Tutse,6758,Unclimbed,NA,NA
Nuptse East I,7795,Climbed,2003,Russia
Amotsang,6393,Unclimbed,NA,NA
Yansa Tsenji,6567,Unclimbed,NA,NA
Himjung,7092,Climbed,2012,S Korea
Amphu I,6740,Climbed,2013,S Korea
Chabuk,6792,Unclimbed,NA,NA
Chako,6704,Climbed,2007,"Japan, Nepal"
Dome Kang,7264,Climbed,2009,"Spain, Nepal"
Ghhanyala Hies,6744,Unclimbed,NA,NA
Hunku,6119,Climbed,2012,UK
Janak Chuli,7041,Climbed,2006,Slovenia
Kabru South,7318,Climbed,1994,India
Kabru Main,7412,Climbed,1994,India
Lashar I,6842,Climbed,2005,Slovenia
Lashar II,6803,Unclimbed,NA,NA
Nangpai Gosum II,7287,Unclimbed,NA,NA
Nangamari I,6547,Climbed,2010,Australia
Panbari,6905,Climbed,2006,Japan
Phungi Himal,6538,Climbed,2017,Russia
Mariyang,6528,Unclimbed,NA,NA
Takargo,6771,Climbed,2010,USA
Thulagi,7059,Climbed,2015,Russia
Jomsom Himal,6335,Climbed,2003,"France, Nepal"
Bamongo,6406,Climbed,2013,"Nepal, China"
Chaw Peak,6404,Unclimbed,NA,NA
Dingjung North,6249,Climbed,1955,UK
Kang Nagchugo,6737,Climbed,2008,USA
Konabon,6570,Unclimbed,NA,NA
Khamjung,6759,Climbed,1982,Japan
Kyungka Ri 1,6599,Climbed,2017,S Korea
Kyungka Ri 2,6506,Unclimbed,NA,NA
Kojichuwa Chuli,6439,Climbed,2010,Japan
Chhiv Himal,6650,Climbed,2004,Japan
Langmoche Ri,6552,Climbed,2012,USA
Lachama Chuli,6721,Climbed,2007,Japan
Panpoche 1,6620,Unclimbed,NA,NA
Panpoche 2,6504,Unclimbed,NA,NA
Phole,6645,Unclimbed,NA,NA
Phu Kang,6694,Unclimbed,NA,NA
Langchung Khang,6786,Unclimbed,NA,NA
Peak 4,6736,Unclimbed,NA,NA
Nampa II,6585,Unclimbed,NA,NA
Nampa III,6611,Unclimbed,NA,NA
Nampa South,6130,Unclimbed,NA,NA
Sobithongie,6652,Unclimbed,NA,NA
Shershon,6432,Unclimbed,NA,NA
Swaksa Kang,6405,Unclimbed,NA,NA
Tilje,6530,Unclimbed,NA,NA
Tsartse,6343,Climbed,2018,"Japan, Nepal"
Yakawa Kang,6482,Climbed,2010,"Japan, Nepal"
Yaupa,6422,Climbed,1989,"UK, USA"
Til Kang,6369,Climbed,2018,UK
Yokopahar,6423,Unclimbed,NA,NA
Saldim West,6388,Climbed,2016,Romania
Samdo,6335,Climbed,2009,Japan
Purkhung,6126,Climbed,2004,Japan
Dzasampatse,6295,Climbed,2004,Slovenia
Swelokhan,6180,Unclimbed,NA,NA
Mustang Peak,6229,Climbed,2001,"Japan, Nepal"
Jinjang,6111,Climbed,NA,NA
Jobo Rinjang,6778,Climbed,2009,USA
Kyabura,6294,Unclimbed,NA,NA
Kumlung,6355,Climbed,2008,France
Dhaulagari,6638,Unclimbed,NA,NA
Lhayul Peak,6395,Unclimbed,NA,NA
Merra,6334,Climbed,2006,Denmark
Pabuk Kang,6244,Unclimbed,NA,NA
Yanme Kang,6206,Climbed,2017,France
Danphe Shail,6103,Climbed,2017,"France, Nepal"
Ganesh VII,6350,Unclimbed,NA,NA
Pharilapcha,6017,Climbed,2003,Nepal
Thorong Peak,6144,Climbed,2007,"Japan, Nepal"
Chamar Kang,6060,Climbed,2007,"Japan, Nepal"
Nupche Kang,6576,Climbed,1964,"W Germany, Nepal"
Punchen Himal,6049,Unclimbed,NA,NA
Kang Kuru,6344,Climbed,2008,USA
Amphu Middle,6202,Climbed,2008,Germany
Lugula,6899,Climbed,2010,France
Bhrikuti Shail,6361,Climbed,2005,"France, Nepal"
Myagdi Matha,6273,Unclimbed,NA,NA
Tobsar,6065,Climbed,2017,Nepal
Dingjung Ri,6196,Climbed,2008,Japan
Dudh Kundali,6045,Climbed,1953,"Austria, Nepal, India"
Kanta Gaton,5910,Climbed,2009,"France, Nepal"
Kaptang,5965,Climbed,2009,"Japan, Nepal"
Roma,5407,Unclimbed,NA,NA
Ripimo Shar,6647,Climbed,1952,UK
Tsisima,6196,Climbed,1963,"Japan, Nepal"
Tawa,6110,Climbed,2010,"Japan, Nepal"
Urkema,5890,Climbed,2007,"Taiwan, S Korea, Singapore, Australia, Nepal"
Manapathi NW,6384,Climbed,1977,"Italy, UK, W Germany"
Lunag Ri,6895,Unclimbed,NA,NA
Jasemba Goth,6730,Climbed,1964,W Germany
Gojung,6310,Climbed,2011,UK
Nangamari II,6209,Climbed,2016,Japan
Dragmorpa Ri,6185,Climbed,2013,Russia
Syaokang,5929,Climbed,2012,New Zealand
Bijora Hiunchuli,6111,Unclimbed,NA,NA
Chhuboche,5606,Climbed,2013,UK
Lunag West,6492,Climbed,2013,USA
Domo,7447,Climbed,1930,"Germany, Nepal"
Lunag II,6812,Climbed,2010,France
Triangle Peak,6484,Climbed,2013,France
Kasi Dalpha,6386,Unclimbed,NA,NA
Narphu,5921,Climbed,2014,"UK, Nepal"
Pota Himal North,6182,Climbed,2008,France
Pangbuk North,6478,Climbed,2013,USA
Mustang Himal,6195,Climbed,2014,USA
Mansail,6235,Climbed,2014,Japan
Chhochenphu Himal,6260,Unclimbed,NA,NA
Tankya I,6305,Unclimbed,NA,NA
Gorakh Khang,6254,Unclimbed,NA,NA
Raungsiyar,6224,Climbed,2015,Nepal
Langdak,6220,Climbed,2015,Nepal
Takargo East,6152,Climbed,2015,Nepal
Omitso Go,6332,Unclimbed,NA,NA
Chhopa Bamare,6109,Climbed,2019,"USA, France"
Yalung Kang West,8077,Unclimbed,NA,NA
Kangchenjunga North,7938,Unclimbed,NA,NA
Kangbachen East,7780,Unclimbed,NA,NA
Herzog Peak,7555,Climbed,NA,NA
Gangapurna West,7140,Unclimbed,NA,NA
Chamar,7161,Unclimbed,NA,NA
Nepal Gap Peak,7007,Unclimbed,NA,NA
Gaurishankar South,7010,Climbed,1979,UK
Burke Kang,6942,Climbed,2017,"Ireland, Nepal"
Himlung East,6932,Climbed,2017,"France, Nepal"
Yangra Kangri South,6863,Unclimbed,NA,NA
Nup La Kang,6861,Climbed,2018,"USA, Norway"
Chumbu,6859,Unclimbed,NA,NA
Phu Kang Go,6767,Climbed,2011,"France, Belgium"
Guras,6744,Unclimbed,NA,NA
Tharke Kang,6710,Climbed,2017,"USA, Nepal"
Hulang Go,6687,Unclimbed,NA,NA
Shershon Northwest,6682,Climbed,1980,"UK, France"
Agole East,6675,Unclimbed,NA,NA
Rolwaling Kang,6664,Climbed,2016,Japan
Yarwa,6644,Unclimbed,NA,NA
Yangri,6535,Unclimbed,NA,NA
Lachama North,6628,Unclimbed,NA,NA
Changdi,6623,Unclimbed,NA,NA
Goldum Peak,6632,Unclimbed,NA,NA
Thoche Go,6602,Unclimbed,NA,NA
Kangchung Shar,6063,Climbed,1984,Yugoslavia
Phu Kang North,6580,Unclimbed,NA,NA
Pethangtse East,6572,Climbed,2008,UK
Phungi,6524,Unclimbed,NA,NA
Kanti Himal East,6516,Unclimbed,NA,NA
Jarkya,6473,Unclimbed,NA,NA
Mariyang West,6455,Unclimbed,NA,NA
Mayonthang Kang,6449,Unclimbed,NA,NA
Langju,6426,Climbed,2017,Japan
Jyachhung,6338,Unclimbed,NA,NA
Gyala,6363,Unclimbed,NA,NA
Dolma Khang,6332,Climbed,1980,"Australia, Nepal"
Kaipuchonam,6329,Unclimbed,NA,NA
Langdung,6326,Climbed,2017,Nepal
Dzanye II,6318,Climbed,2015,Japan
Pama Himal,6300,Unclimbed,NA,NA
Peri Himal,6296,Unclimbed,NA,NA
Takla Kang,6276,Unclimbed,NA,NA
Kogi Khang North,6275,Unclimbed,NA,NA
Asajya Tuppa,6265,Unclimbed,NA,NA
Kojichuwa South,6264,Unclimbed,NA,NA
Pankar Himal,6264,Climbed,2018,Japan
Saula,6235,Unclimbed,NA,NA
Yala Chuli,6236,Unclimbed,NA,NA
Rhimbu,6210,Unclimbed,NA,NA
Sanctuary Peak,6207,Unclimbed,NA,NA
Lasa,6189,Unclimbed,NA,NA
Peri,6174,Climbed,2016,"Italy, Nepal"
Dwijen Himal,6169,Unclimbed,NA,NA
Jabou Ri,6166,Climbed,2015,USA
Beding Go,6125,Climbed,2015,"Nepal, Canada, Brazil, Ireland"
Takphu North,6142,Climbed,2016,"Germany, Nepal"
Bhulu Lhasa,6102,Climbed,1964,"UK, Nepal"
Lhonak,6070,Unclimbed,NA,NA
Rolmi,6056,Climbed,2017,Nepal
Aichyn,6055,Climbed,2015,Japan
Ardang,6034,Unclimbed,NA,NA
Lungchhung,6043,Unclimbed,NA,NA
Khung,6024,Unclimbed,NA,NA
Chandi Himal,6142,Unclimbed,NA,NA
Kali Himal,6985,Climbed,1983,Netherlands
Dhechyan Khang,6019,Climbed,2018,"Austria, Germany, Nepal"
Ek Rate Danda,6213,Unclimbed,NA,NA
Ghyun Himal I,6110,Unclimbed,NA,NA
Gorakh Himal,6198,Unclimbed,NA,NA
Hongku,6764,Climbed,2015,France
Karko,6015,Unclimbed,NA,NA
Karsang Kang,6225,Climbed,2008,France
Khayang,6186,Unclimbed,NA,NA
Gyalzen Peak,6151,Climbed,2019,Nepal
Lungsampa,6500,Climbed,2014,Spain
Mera South,6064,Unclimbed,NA,NA
Pashuwo,6177,Unclimbed,NA,NA
Sat Peak,6164,Unclimbed,NA,NA
Tso Karpo,6518,Unclimbed,NA,NA
Sharphu II,6328,Climbed,201,USA
Sharphu III,6220,Unclimbed,NA,NA
Sharphu IV,6172,Climbed,1962,Japan
Sharphu V,6158,Unclimbed,NA,NA
Sharphu VI,6076,Unclimbed,NA,NA
Mansail South,6248,Unclimbed,NA,NA
Gave Ding,6581,Climbed,2015,UK
Ngojumba Kang III,7681,Unclimbed,NA,NA
Kimshung,6781,Unclimbed,NA,NA
Pawar Central,6621,Climbed,2015,France
Nagoru,6165,Climbed,2016,"Austria, Nepal"
Saldim,6374,Unclimbed,NA,NA
Langtang Yubra,6048,Unclimbed,2018,"Australia, Netherands, Nepal"
Larkya Peak,6416,Climbed,2017,Georgia
Nuptse West II,7732,Climbed,NA,NA
Tengi Ragi Tau East,6675,Climbed,2005,France
Nilgiri East,6698,Climbed,1970,Spain
Pemthang Ri,6743,Unclimbed,NA,NA
Futi Himal,6425,Climbed,2014,Portugal
Sano Bhrikuti,6328,Climbed,2017,Switzerland
Sano Kailash,6452,Climbed,2019,"Austria, Nepal"
Tarke Kang Shar,7069,Climbed,1981,"Italy, Nepal"
Korlang Pari Tippa,5738,Unclimbed,NA,NA
Jannu East,7460,Unclimbed,NA,NA
Yubra,6264,Unclimbed,NA,NA
